"","age","balance","day","duration","campaign","pdays","previous"
"age",1,0.0977827393713475,-0.00912004563354954,-0.00464842847061624,0.00476031176245692,-0.0237580141117363,0.00128831920266395
"balance",0.0977827393713475,1,0.00450258512971854,0.021560380494669,-0.0145782788507662,0.00343532186810709,0.0166736367283582
"day",-0.00912004563354954,0.00450258512971854,1,-0.0302063411386517,0.162490216326193,-0.0930440737729405,-0.0517104967358039
"duration",-0.00464842847061624,0.021560380494669,-0.0302063411386517,1,-0.0845695027300616,-0.00156477048134343,0.00120305691670033
"campaign",0.00476031176245692,-0.0145782788507662,0.162490216326193,-0.0845695027300616,1,-0.0886276679156838,-0.032855289678279
"pdays",-0.0237580141117363,0.00343532186810709,-0.0930440737729405,-0.00156477048134343,-0.0886276679156838,1,0.454819635480501
"previous",0.00128831920266395,0.0166736367283582,-0.0517104967358039,0.00120305691670033,-0.032855289678279,0.454819635480501,1
