zmienna,n,srednia,mediana,moda,minimum,maksimum,odchylenie_std,wariancja
age,45211,40.93621021432837,39,32,18,95,10.61876204097542,112.7581072828605
duration,45211,258.1630797814691,180,124,0,4918,257.5278122651719,66320.57409008563
campaign,45211,2.763840658246887,2,1,1,63,3.0980208832791685,9.59773339323384
