marital,n,percent
divorced,5207,0.11517108668244454
married,27214,0.6019331578598128
single,12790,0.2828957554577426
