housing,n,percent
no,20081,0.44416181902634316
yes,25130,0.5558381809736569
