loan,n,percent
no,37967,0.839773506447546
yes,7244,0.16022649355245405
