education,n,percent
primary,6851,0.15153391873659064
secondary,23202,0.513193691800668
tertiary,13301,0.29419831456946316
unknown,1857,0.04107407489327818
