poutcome,n,percent
failure,4901,0.10840282232200128
other,1840,0.040698060206586895
success,1511,0.0334210700935613
unknown,36959,0.8174780473778506
