job,n,percent
admin.,5171,0.11437482028709828
blue-collar,9732,0.21525734887527373
entrepreneur,1487,0.03289022582999712
housemaid,1240,0.027426953617482472
management,9458,0.20919687686624935
retired,2264,0.05007630886288735
self-employed,1579,0.03492512884032647
services,4154,0.09188029461856628
student,938,0.02074716330096658
technician,7597,0.16803432792904383
unemployed,1303,0.028820419809338436
unknown,288,0.006370131162770122
