"cluster_kmeans","n","mean_age","mean_balance","mean_duration","mean_campaign","mean_previous"
"1",1638,40.0927960927961,925.194139194139,142.421855921856,14.7759462759463,0.0628815628815629
"2",1000,40.912,1348.907,234.243,2.651,10.256
"3",14367,52.4291083733556,1188.26087561774,198.091181179091,2.4030764947449,0.343565114498504
"4",3898,39.9132888660852,1214.39892252437,892.953052847614,2.39969214982042,0.376603386351975
"5",23218,33.9374623137221,878.198208286674,198.602119045568,2.21870962184512,0.384012404169179
"6",1090,43.4788990825688,15164.9816513761,244.43119266055,2.48532110091743,0.511926605504587
