"zmienna","W","p_value"
"age",0.961602761149628,1.81792621086973e-34
"duration",0.729510904217014,1.98878795323039e-67
"campaign",0.534604711042119,1.31951409548213e-78
