"zmienna","liczba_odstajacych","udzial_odstajacych"
"age",487,0.0107717148481564
"duration",3235,0.0715533830262547
"campaign",3064,0.0677711176483599
